mmalloca,gnuit-4.9.5/lib/malloca.c,7,2,2,1,0,3,2
malloc,/usr/include/stdlib.h,,,,,,,
memcpy,/usr/include/string.h,,,,,,,
strnlen,gnuit-4.9.5/lib/strnlen.c,6,1,2,0,0,4,2
strndup,gnuit-4.9.5/lib/strndup.c,10,2,2,1,1,3,4
error,gnuit-4.9.5/lib/error.c,14,2,2,1,1,10,5
abort,/usr/include/stdlib.h,,,,,,,
xstrtol_error,gnuit-4.9.5/lib/xstrtol-error.c,36,7,6,1,7,8,2
xstrtol_fatal,gnuit-4.9.5/lib/xstrtol-error.c,8,1,1,0,0,6,2
fnmatch,gnuit-4.9.5/lib/fnmatch.c,6,1,1,0,0,4,3
locale_charset,gnuit-4.9.5/lib/localcharset.c,32,48,8,3,2,1,5
uc_width,gnuit-4.9.5/lib/uniwidth/width.c,48,19,12,4,19,5,2
strcmp,/usr/include/string.h,,,,,,,
iswprint,/usr/include/x86_64-linux-gnu/bits/wctype-wchar.h,,,,,,,
rpl_wcwidth,gnuit-4.9.5/lib/wcwidth.c,13,2,4,1,1,1,5
strip_trailing_slashes,gnuit-4.9.5/lib/stripslash.c,13,2,2,1,0,2,3
xstrdup,gnuit-4.9.5/lib/xmalloc.c,5,1,1,0,0,29,3
rename,/usr/include/stdio.h,,,,,,,
free,/usr/include/stdlib.h,,,,,,,
strlen,/usr/include/string.h,,,,,,,
rpl_rename,gnuit-4.9.5/lib/rename.c,18,4,3,1,1,2,6
quotearg_alloc_mem,gnuit-4.9.5/lib/quotearg.h,17,2,4,1,0,9,5
usage,gnuit-4.9.5/src/gitview.c,10,1,1,0,0,2,1
xcharalloc,gnuit-4.9.5/lib/xalloc.h,,,,,,,
xmemdup,gnuit-4.9.5/lib/xmalloc.c,5,1,1,0,0,4,3
xrealloc,gnuit-4.9.5/lib/xmalloc.c,8,2,2,1,1,38,3
__ctype_b_loc,/usr/include/ctype.h,,,,,,,
__errno_location,/usr/include/errno.h,,,,,,,
__ctype_get_mb_cur_max,/usr/include/stdlib.h,,,,,,,
memcmp,/usr/include/string.h,,,,,,,
memset,/usr/include/string.h,,,,,,,
mbrtowc,/usr/include/wchar.h,,,,,,,
mbsinit,gnuit-4.9.5/lib/mbsinit.c,6,1,1,0,0,3,1
clone_quoting_options,gnuit-4.9.5/lib/quotearg.c,9,1,2,0,0,2,3
get_quoting_style,gnuit-4.9.5/lib/quotearg.c,5,1,2,0,0,3,1
gettext_quote,gnuit-4.9.5/lib/quotearg.c,8,2,2,1,0,3,1
quotearg,gnuit-4.9.5/lib/quotearg.c,5,1,1,0,0,1,2
quotearg_alloc,gnuit-4.9.5/lib/quotearg.c,6,1,1,0,0,3,2
quotearg_buffer,gnuit-4.9.5/lib/quotearg.c,12,1,2,0,0,9,3
quotearg_buffer_restyled,gnuit-4.9.5/lib/quotearg.c,298,38277377,214,8,348,10,12
quotearg_char,gnuit-4.9.5/lib/quotearg.c,5,1,1,0,0,3,2
quotearg_char_mem,gnuit-4.9.5/lib/quotearg.c,8,1,1,0,0,6,3
quotearg_colon,gnuit-4.9.5/lib/quotearg.c,5,1,1,0,0,1,2
quotearg_colon_mem,gnuit-4.9.5/lib/quotearg.c,5,1,1,0,0,2,2
quotearg_free,gnuit-4.9.5/lib/quotearg.c,20,8,4,1,0,5,6
quotearg_mem,gnuit-4.9.5/lib/quotearg.c,5,1,1,0,0,2,2
quotearg_n,gnuit-4.9.5/lib/quotearg.c,5,1,1,0,0,4,2
quotearg_n_mem,gnuit-4.9.5/lib/quotearg.c,5,1,1,0,0,5,2
quotearg_n_options,gnuit-4.9.5/lib/quotearg.c,41,11,9,2,3,18,13
quotearg_n_style,gnuit-4.9.5/lib/quotearg.c,6,1,1,0,0,6,3
quotearg_n_style_mem,gnuit-4.9.5/lib/quotearg.c,7,1,1,0,0,5,3
quotearg_style,gnuit-4.9.5/lib/quotearg.c,5,1,1,0,0,2,2
quotearg_style_mem,gnuit-4.9.5/lib/quotearg.c,5,1,1,0,0,3,2
quoting_options_from_style,gnuit-4.9.5/lib/quotearg.c,9,1,1,0,0,4,4
set_char_quoting,gnuit-4.9.5/lib/quotearg.c,11,1,2,0,0,6,1
set_quoting_flags,gnuit-4.9.5/lib/quotearg.c,10,2,2,1,0,4,2
set_quoting_style,gnuit-4.9.5/lib/quotearg.c,5,1,2,0,0,3,2
dcnpgettext_expr,gnuit-4.9.5/lib/gettext.h,21,2,4,1,1,6,3
dcpgettext_expr,gnuit-4.9.5/lib/gettext.h,20,2,2,1,1,4,3
npgettext_aux,gnuit-4.9.5/lib/gettext.h,14,2,4,1,1,6,1
pgettext_aux,gnuit-4.9.5/lib/gettext.h,12,2,2,1,1,4,1
exit,gnuit-4.9.5/src/ansi_stdlib.h,,,,,,,
fprintf,/usr/include/stdio.h,,,,,,,
time,/usr/include/time.h,,,,,,,
close,gnuit-4.9.5/src/gitwipe.c,,,,,,,
fatal,gnuit-4.9.5/src/gitview.c,8,1,1,0,0,13,3
lseek,gnuit-4.9.5/src/gitwipe.c,,,,,,,
hide,gnuit-4.9.5/src/gitview.c,7,1,1,0,0,3,3
rand,gnuit-4.9.5/src/gitwipe.c,,,,,,,
srand,gnuit-4.9.5/src/gitwipe.c,,,,,,,
sync,gnuit-4.9.5/src/gitwipe.c,,,,,,,
update_all,gnuit-4.9.5/src/gitview.c,11,2,2,1,0,6,3
wipe,gnuit-4.9.5/src/gitwipe.c,38,8,8,2,6,4,8
write,gnuit-4.9.5/src/gitwipe.c,,,,,,,
argmatch,gnuit-4.9.5/lib/argmatch.c,33,11,7,4,6,6,4
xstrtoumax,gnuit-4.9.5/lib/xstrtol.h,,,,,,,
localeconv,/usr/include/locale.h,,,,,,,
sprintf,/usr/include/stdio.h,,,,,,,
getenv,/usr/include/stdlib.h,,,,,,,
memmove,gnuit-4.9.5/lib/memmove.c,15,5,5,2,1,7,1
adjust_value,gnuit-4.9.5/lib/human.c,10,2,2,1,0,3,1
default_block_size,gnuit-4.9.5/lib/human.c,5,1,2,0,0,2,2
group_number,gnuit-4.9.5/lib/human.c,30,9,6,2,2,5,3
human_options,gnuit-4.9.5/lib/human.c,11,2,2,1,0,3,4
human_readable,gnuit-4.9.5/lib/human.c,194,5880,36,5,11,11,8
humblock,gnuit-4.9.5/lib/human.c,46,17,9,5,7,5,7
xmalloc,gnuit-4.9.5/lib/xmalloc.c,8,2,2,1,1,77,3
atoi,gnuit-4.9.5/src/ansi_stdlib.h,,,,,,,
configuration_end,gnuit-4.9.5/src/configure.c,6,2,2,1,0,4,1
configuration_getvarinfo,gnuit-4.9.5/src/configure.c,56,1472,19,6,7,17,11
common_configuration_init,gnuit-4.9.5/src/misc.c,15,2,2,1,1,5,7
compute_directories,gnuit-4.9.5/src/misc.c,10,1,1,0,0,3,0
get_colorset_var,gnuit-4.9.5/src/misc.c,22,4,4,3,1,10,4
get_flag_var,gnuit-4.9.5/src/misc.c,18,4,4,2,5,8,4
get_int_var,gnuit-4.9.5/src/misc.c,9,1,2,0,0,4,3
get_login_name,gnuit-4.9.5/src/misc.c,18,2,2,1,1,6,6
get_string_var,gnuit-4.9.5/src/misc.c,10,2,2,1,1,5,3
specific_configuration_init,gnuit-4.9.5/src/misc.c,48,5,5,4,7,9,10
use_section,gnuit-4.9.5/src/misc.c,27,4,4,3,4,9,9
signal_handlers,gnuit-4.9.5/src/signals.c,25,4,4,2,1,6,2
signals_init,gnuit-4.9.5/src/signals.c,12,1,1,0,0,3,2
tty_background,gnuit-4.9.5/src/tty.c,6,1,1,0,0,7,1
tty_beep,gnuit-4.9.5/src/tty.c,6,1,1,0,0,12,2
tty_brightness,gnuit-4.9.5/src/tty.c,6,1,1,0,0,6,1
tty_clear,gnuit-4.9.5/src/tty.c,11,1,1,0,0,10,4
tty_colors,gnuit-4.9.5/src/tty.c,8,1,1,0,0,26,3
tty_defaults,gnuit-4.9.5/src/tty.h,12,4,3,1,0,19,6
set_title,gnuit-4.9.5/src/gitview.c,10,1,2,0,0,6,6
tty_end_cursorapp,gnuit-4.9.5/src/tty.c,7,1,1,0,0,6,3
tty_foreground,gnuit-4.9.5/src/tty.c,6,1,1,0,0,8,1
tty_get_key,gnuit-4.9.5/src/tty.c,73,3616,18,3,9,15,16
tty_get_previous_key_seq,gnuit-4.9.5/src/tty.c,5,1,1,0,0,4,1
tty_get_screen,gnuit-4.9.5/src/tty.c,6,1,1,0,0,4,0
tty_get_symbol_key_seq,gnuit-4.9.5/src/tty.c,10,3,3,2,3,7,2
tty_end,gnuit-4.9.5/src/gitkeys.c,7,1,1,0,0,2,0
tty_key_human2machine,gnuit-4.9.5/src/tty.c,28,6,6,4,12,6,2
tty_key_list_insert,gnuit-4.9.5/src/tty.c,18,7,5,2,4,8,2
tty_key_machine2human,gnuit-4.9.5/src/tty.c,36,13,8,2,5,6,4
tty_put_screen,gnuit-4.9.5/src/tty.c,8,1,1,0,0,6,2
tty_resize,gnuit-4.9.5/src/tty.c,48,648,13,1,8,11,13
tty_set_last_char_flag,gnuit-4.9.5/src/tty.c,6,1,1,0,0,4,1
tty_set_mode,gnuit-4.9.5/src/tty.c,38,2,2,1,1,13,3
tty_start_cursorapp,gnuit-4.9.5/src/tty.c,6,1,1,0,0,6,2
tty_touch,gnuit-4.9.5/src/tty.h,5,1,1,0,0,7,1
tty_update,gnuit-4.9.5/src/tty.c,33,24,7,3,0,36,6
tty_update_title,gnuit-4.9.5/src/tty.c,22,3,3,2,0,15,8
window_goto,gnuit-4.9.5/src/window.c,9,1,1,0,0,31,4
window_init,gnuit-4.9.5/src/window.c,7,1,1,0,0,6,3
window_putc,gnuit-4.9.5/src/window.c,11,3,3,1,2,12,3
window_puts,gnuit-4.9.5/src/window.c,16,4,4,1,3,31,3
window_resize,gnuit-4.9.5/src/window.h,10,1,1,0,0,11,5
xfree,gnuit-4.9.5/src/xmalloc.c,9,2,2,1,1,65,2
__assert_fail,/usr/include/assert.h,,,,,,,
kill,/usr/include/signal.h,,,,,,,
fclose,/usr/include/stdio.h,,,,,,,
fdopen,/usr/include/stdio.h,,,,,,,
fgetc,/usr/include/stdio.h,,,,,,,
fgets,/usr/include/stdio.h,,,,,,,
fopen,/usr/include/stdio.h,,,,,,,
printf,/usr/include/stdio.h,,,,,,,
nanosleep,/usr/include/time.h,,,,,,,
getopt,gnuit-4.9.5/lib/getopt.c,6,1,1,0,0,6,2
build_ps_list,gnuit-4.9.5/src/gitps.c,13,2,2,1,0,3,5
usage,gnuit-4.9.5/src/git.c,11,1,1,0,0,2,1
clean_up,gnuit-4.9.5/src/gitview.c,5,1,1,0,0,2,1
dup,gnuit-4.9.5/src/gitps.c,,,,,,,
clock_refresh,gnuit-4.9.5/src/gitview.c,4,1,1,0,0,1,0
free_ps_list,gnuit-4.9.5/src/gitps.c,10,2,2,1,0,3,2
get_PID_index,gnuit-4.9.5/src/gitps.c,20,9,7,2,4,3,5
file_length,gnuit-4.9.5/src/gitview.c,11,2,2,1,1,4,2
kill_process,gnuit-4.9.5/src/gitps.c,30,42,9,2,5,8,5
hide,gnuit-4.9.5/src/git.c,7,1,1,0,0,1,3
mkstemp,gnuit-4.9.5/lib/mkstemp.c,6,1,1,0,0,4,2
ps,gnuit-4.9.5/src/gitps.c,73,96,12,2,3,9,16
main,gnuit-4.9.5/src/gitview.c,249,39232,76,5,155,30,63
read_ps_line,gnuit-4.9.5/src/gitps.c,17,4,4,2,2,4,5
read_keys,gnuit-4.9.5/src/gitview.c,46,145,11,4,13,5,8
refresh,gnuit-4.9.5/src/gitview.c,49,96,10,2,3,18,17
remove_log,gnuit-4.9.5/src/system.h,8,4,3,1,0,5,1
report_undefined_key,gnuit-4.9.5/src/gitview.c,26,2,3,1,1,4,16
resize,gnuit-4.9.5/src/gitview.c,29,17,9,2,2,13,6
set_signal,gnuit-4.9.5/src/gitps.c,21,8,5,3,2,11,5
set_header,gnuit-4.9.5/src/gitview.c,10,1,2,0,0,6,6
set_status,gnuit-4.9.5/src/gitview.c,9,1,2,0,0,8,6
sleep,gnuit-4.9.5/src/gitps.c,,,,,,,
strcat,gnuit-4.9.5/src/gitps.c,,,,,,,
strcpy,gnuit-4.9.5/src/gitps.c,,,,,,,
strstr,gnuit-4.9.5/src/gitps.c,,,,,,,
system,gnuit-4.9.5/src/gitps.c,,,,,,,
unlink,gnuit-4.9.5/src/gitps.c,,,,,,,
tty_init,gnuit-4.9.5/src/gitkeys.c,31,1,1,0,0,1,1
update_process,gnuit-4.9.5/src/gitps.c,35,7,8,2,4,14,10
update_all,gnuit-4.9.5/src/gitps.c,24,7,5,2,2,11,5
last_component,gnuit-4.9.5/lib/basename.c,20,8,5,2,1,4,1
dir_len,gnuit-4.9.5/lib/dirname.c,19,3,6,2,2,2,2
dir_name,gnuit-4.9.5/lib/dirname.c,15,2,2,1,0,1,4
sigaddset,gnuit-4.9.5/lib/sigprocmask.c,14,2,2,1,1,2,2
sigemptyset,gnuit-4.9.5/lib/sigprocmask.c,6,1,1,0,0,2,1
sigfillset,gnuit-4.9.5/lib/sigprocmask.c,6,1,1,0,0,1,1
signal,/usr/include/signal.h,,,,,,,
sigprocmask,gnuit-4.9.5/lib/sigprocmask.c,60,268,15,5,17,8,7
sigaction,gnuit-4.9.5/lib/sigaction.c,54,22,10,3,16,8,11
sigaction_handler,gnuit-4.9.5/lib/sigaction.c,28,6,5,2,2,7,8
atol,gnuit-4.9.5/src/ansi_stdlib.h,,,,,,,
calloc,gnuit-4.9.5/src/ansi_stdlib.h,,,,,,,
qsort,gnuit-4.9.5/src/ansi_stdlib.h,,,,,,,
realloc,gnuit-4.9.5/src/ansi_stdlib.h,,,,,,,
rpl_gettimeofday,gnuit-4.9.5/lib/gettimeofday.c,8,1,1,0,0,0,5
raise,/usr/include/signal.h,,,,,,,
blocked_handler,gnuit-4.9.5/lib/sigprocmask.c,7,2,2,1,0,2,2
rpl_signal,gnuit-4.9.5/lib/sigprocmask.c,21,3,3,2,3,3,4
sigdelset,gnuit-4.9.5/lib/sigprocmask.c,14,2,2,1,1,1,2
sigismember,gnuit-4.9.5/lib/sigprocmask.c,10,2,2,1,2,1,1
sigpending,gnuit-4.9.5/lib/sigprocmask.c,11,1,1,0,0,0,1
quote,gnuit-4.9.5/lib/quote.c,5,1,1,0,0,1,2
quote_n,gnuit-4.9.5/lib/quote.c,5,1,1,0,0,4,2
xstrndup,gnuit-4.9.5/lib/xstrndup.c,8,2,2,1,1,3,3
service_pending_signals,gnuit-4.9.5/src/signals.c,27,4,4,1,3,10,9
signals,gnuit-4.9.5/src/signals.c,8,2,2,1,0,6,2
display_errors,gnuit-4.9.5/src/system.c,28,6,5,3,3,7,8
start,gnuit-4.9.5/src/system.c,27,2,2,1,1,9,9
gettime,gnuit-4.9.5/lib/gettime.c,10,1,1,0,0,2,4
settime,gnuit-4.9.5/lib/timespec.h,,,,,,,
timespec_cmp,gnuit-4.9.5/lib/timespec.h,7,1,3,0,0,4,1
_getopt_internal,gnuit-4.9.5/lib/getopt.c,15,1,1,0,0,16,8
_getopt_internal_r,gnuit-4.9.5/lib/getopt.c,362,7162370,75,6,73,25,18
_getopt_long_only_r,gnuit-4.9.5/lib/getopt1.c,8,1,1,0,0,6,2
_getopt_long_r,gnuit-4.9.5/lib/getopt1.c,8,1,1,0,0,6,2
xcalloc,gnuit-4.9.5/lib/xmalloc.c,9,2,3,1,1,6,3
toprintable,gnuit-4.9.5/src/misc.c,10,3,3,2,0,11,2
xsetenv,gnuit-4.9.5/src/misc.h,11,2,2,1,0,6,2
tty_cursor,gnuit-4.9.5/src/tty.h,15,4,4,2,1,5,1
tty_set_interrupt_char,gnuit-4.9.5/src/tty.h,11,1,1,0,0,3,1
xread,gnuit-4.9.5/src/xio.c,18,2,3,1,1,5,3
xwrite,gnuit-4.9.5/src/xio.c,18,2,3,1,1,7,3
toupper,/usr/include/ctype.h,,,,,,,
fflush,/usr/include/stdio.h,,,,,,,
sscanf,/usr/include/stdio.h,,,,,,,
ioctl,/usr/include/x86_64-linux-gnu/sys/ioctl.h,,,,,,,
alarm,gnuit-4.9.5/src/tty.c,,,,,,,
isatty,gnuit-4.9.5/src/tty.c,,,,,,,
strncmp,gnuit-4.9.5/src/tty.c,,,,,,,
tgetent,gnuit-4.9.5/src/tty.c,,,,,,,
tgetflag,gnuit-4.9.5/src/tty.c,,,,,,,
tgetnum,gnuit-4.9.5/src/tty.c,,,,,,,
tgetstr,gnuit-4.9.5/src/tty.c,,,,,,,
tgoto,gnuit-4.9.5/src/tty.c,,,,,,,
tputs,gnuit-4.9.5/src/tty.c,,,,,,,
tty_extract_key,gnuit-4.9.5/src/tty.c,13,2,2,1,1,3,4
tty_fill,gnuit-4.9.5/src/tty.c,9,1,1,0,0,6,2
tty_flush,gnuit-4.9.5/src/tty.c,15,3,3,2,2,10,2
tty_get_capabilities,gnuit-4.9.5/src/tty.c,118,2084,19,3,16,14,19
tty_get_color_index,gnuit-4.9.5/src/tty.c,10,3,4,2,3,4,2
tty_get_cursor,gnuit-4.9.5/src/tty.c,7,1,1,0,0,3,2
tty_get_mode,gnuit-4.9.5/src/tty.c,5,1,1,0,0,3,1
tty_getc,gnuit-4.9.5/src/tty.c,14,3,4,1,1,3,8
tty_goto,gnuit-4.9.5/src/tty.c,7,1,1,0,0,6,2
tty_io_background,gnuit-4.9.5/src/tty.c,18,3,3,1,2,6,5
tty_io_brightness,gnuit-4.9.5/src/tty.c,27,7,6,2,2,7,7
tty_io_clear,gnuit-4.9.5/src/tty.c,6,1,1,0,0,7,2
tty_io_colors,gnuit-4.9.5/src/tty.c,8,1,1,0,0,2,3
tty_io_foreground,gnuit-4.9.5/src/tty.c,18,3,3,1,2,6,5
tty_io_goto,gnuit-4.9.5/src/tty.c,13,4,3,1,1,9,3
tty_io_reversevid,gnuit-4.9.5/src/tty.c,27,7,6,2,2,8,7
tty_is_xterm,gnuit-4.9.5/src/tty.c,15,2,2,1,1,3,3
tty_key_list_insert_sequence,gnuit-4.9.5/src/tty.c,13,1,1,0,0,4,6
tty_key_print,gnuit-4.9.5/src/tty.c,25,1,1,0,0,6,12
tty_key_print_async,gnuit-4.9.5/src/tty.c,9,2,2,1,0,3,2
tty_key_search,gnuit-4.9.5/src/tty.c,21,8,6,2,7,5,5
tty_key_search_restart,gnuit-4.9.5/src/tty.c,5,1,1,0,0,2,1
tty_putc,gnuit-4.9.5/src/tty.c,7,1,1,0,0,2,2
tty_puts,gnuit-4.9.5/src/tty.c,19,4,4,1,2,12,4
tty_read,gnuit-4.9.5/src/tty.c,14,4,3,1,0,5,5
tty_restore,gnuit-4.9.5/src/tty.c,6,1,1,0,0,11,1
tty_reversevid,gnuit-4.9.5/src/tty.c,6,1,1,0,0,2,1
tty_save,gnuit-4.9.5/src/tty.c,6,1,1,0,0,11,1
tty_writec,gnuit-4.9.5/src/tty.c,9,2,2,1,0,5,4
tty_writes,gnuit-4.9.5/src/tty.c,11,2,2,1,0,7,4
ttyname,gnuit-4.9.5/src/tty.c,,,,,,,
get_handler,gnuit-4.9.5/lib/sig-handler.h,7,2,2,1,1,6,1
gen_tempname,gnuit-4.9.5/lib/tempname.c,76,20,12,4,40,6,10
history_arg_extract,gnuit-4.9.5/src/history.h,44,449,12,3,2,4,6
history_set_pos,gnuit-4.9.5/src/history.h,9,2,2,1,1,5,2
history_tokenize,gnuit-4.9.5/src/history.h,82,4755,24,4,15,3,5
read_history_range,gnuit-4.9.5/src/history.h,57,496,17,4,9,5,10
xfstat,gnuit-4.9.5/src/xio.c,15,1,2,1,0,4,3
open,/usr/include/fcntl.h,18,2,3,1,0,8,4
add_history,gnuit-4.9.5/src/history.c,44,8,7,3,4,10,11
append_history,gnuit-4.9.5/src/history.c,7,1,1,0,0,2,2
current_history,gnuit-4.9.5/src/history.c,8,2,2,1,1,4,1
get_history_event,gnuit-4.9.5/src/history.c,81,178,22,4,13,10,10
get_history_word_specifier,gnuit-4.9.5/src/history.c,71,120,20,3,13,6,6
get_subst_pattern,gnuit-4.9.5/src/history.c,30,42,8,3,0,6,4
hist_error,gnuit-4.9.5/src/history.c,38,5,5,1,10,5,4
history_do_write,gnuit-4.9.5/src/history.c,38,18,8,2,1,8,10
history_expand,gnuit-4.9.5/src/history.c,111,2125,31,7,20,5,10
history_expand_internal,gnuit-4.9.5/src/history.c,210,11640,38,5,69,11,20
history_filename,gnuit-4.9.5/src/history.c,20,3,4,2,0,4,5
history_get,gnuit-4.9.5/src/history.c,11,2,2,1,1,5,1
history_get_history_state,gnuit-4.9.5/src/history.c,11,1,1,0,0,4,6
history_list,gnuit-4.9.5/src/history.c,5,1,1,0,0,1,1
history_search,gnuit-4.9.5/src/history.c,7,1,1,0,0,3,2
history_search_internal,gnuit-4.9.5/src/history.c,67,191,19,4,25,10,4
history_search_pos,gnuit-4.9.5/src/history.c,16,2,2,1,1,3,4
history_search_prefix,gnuit-4.9.5/src/history.c,7,1,1,0,0,2,2
history_set_history_state,gnuit-4.9.5/src/history.c,9,1,1,0,0,5,4
history_total_bytes,gnuit-4.9.5/src/history.c,9,2,2,1,0,2,2
history_truncate_file,gnuit-4.9.5/src/history.c,40,144,9,2,4,3,9
next_history,gnuit-4.9.5/src/history.c,8,2,2,1,1,5,2
postproc_subst_rhs,gnuit-4.9.5/src/history.c,29,7,6,3,1,5,6
previous_history,gnuit-4.9.5/src/history.c,8,2,2,1,1,3,2
read,gnuit-4.9.5/src/history.c,,,,,,,
read_history,gnuit-4.9.5/src/history.c,6,1,1,0,0,2,2
remove_history,gnuit-4.9.5/src/history.c,17,3,3,2,1,3,3
replace_history_entry,gnuit-4.9.5/src/history.c,16,2,2,1,1,5,7
stifle_history,gnuit-4.9.5/src/history.c,23,10,5,2,0,5,6
strchr,gnuit-4.9.5/src/history.c,,,,,,,
strncpy,gnuit-4.9.5/src/history.c,,,,,,,
strrchr,gnuit-4.9.5/src/history.c,,,,,,,
unstifle_history,gnuit-4.9.5/src/history.c,11,2,2,1,0,2,2
using_history,gnuit-4.9.5/src/history.c,5,1,1,0,0,2,1
where_history,gnuit-4.9.5/src/history.c,5,1,1,0,0,3,1
write_history,gnuit-4.9.5/src/history.c,6,1,1,0,0,3,2
gettimeofday,/usr/include/x86_64-linux-gnu/sys/time.h,,,,,,,
rpl_malloc,gnuit-4.9.5/lib/malloc.c,9,2,2,1,0,1,3
safe_write,gnuit-4.9.5/lib/safe-read.c,17,5,5,2,7,3,3
full_write,gnuit-4.9.5/lib/full-write.h,,,,,,,
lstat,/usr/include/x86_64-linux-gnu/sys/stat.h,,,,,,,
stat,/usr/include/x86_64-linux-gnu/sys/stat.h,,,,,,,
orig_lstat,gnuit-4.9.5/lib/lstat.c,5,1,1,0,0,3,2
rpl_lstat,gnuit-4.9.5/lib/lstat.c,17,5,5,1,4,3,5
refresh,gnuit-4.9.5/src/git.c,37,22,7,2,2,11,16
_exit,gnuit-4.9.5/src/system.c,,,,,,,
execle,gnuit-4.9.5/src/system.c,,,,,,,
fork,gnuit-4.9.5/src/system.c,,,,,,,
il_read_char,gnuit-4.9.5/src/git.c,89,2088,20,4,18,20,19
my_system,gnuit-4.9.5/src/system.c,74,87,16,3,6,8,14
wait,gnuit-4.9.5/src/system.c,,,,,,,
iswcntrl,/usr/include/x86_64-linux-gnu/bits/wctype-wchar.h,,,,,,,
is_basic,gnuit-4.9.5/lib/mbchar.h,6,1,1,0,0,3,1
mb_copy,gnuit-4.9.5/lib/mbchar.h,14,4,3,1,1,9,6
mb_width_aux,gnuit-4.9.5/lib/mbchar.h,6,1,3,0,0,1,3
wcwidth,gnuit-4.9.5/lib/mbchar.h,,,,,,,
base_len,gnuit-4.9.5/lib/dirname.h,15,6,4,1,2,3,2
base_name,gnuit-4.9.5/lib/basename.c,21,5,4,1,2,1,6
x2nrealloc,gnuit-4.9.5/lib/xalloc.h,,,,,,,
x2realloc,gnuit-4.9.5/lib/xmalloc.c,5,1,1,0,0,2,2
xnmalloc,gnuit-4.9.5/lib/xalloc.h,,,,,,,
xnrealloc,gnuit-4.9.5/lib/xalloc.h,,,,,,,
xzalloc,gnuit-4.9.5/lib/xmalloc.c,5,1,1,0,0,1,3
is_cjk_encoding,gnuit-4.9.5/lib/uniwidth/cjk.h,15,2,2,1,1,2,2
mbuiter_multi_next,gnuit-4.9.5/lib/mbuiter.h,46,21,11,4,22,11,14
knuth_morris_pratt_unibyte,gnuit-4.9.5/lib/str-kmp.h,65,31,12,3,10,3,5
knuth_morris_pratt_multibyte,gnuit-4.9.5/lib/mbsstr.c,83,97,18,4,24,9,14
mbslen,gnuit-4.9.5/lib/mbslen.c,15,3,3,2,1,7,9
mbsstr,gnuit-4.9.5/lib/mbsstr.c,131,88,30,6,73,8,14
getgidbyname,gnuit-4.9.5/lib/idcache.c,25,11,6,2,7,7,9
getgroup,gnuit-4.9.5/lib/idcache.c,25,6,5,2,2,7,8
getuidbyname,gnuit-4.9.5/lib/idcache.c,25,11,6,2,7,7,9
getuser,gnuit-4.9.5/lib/idcache.c,25,6,5,2,2,7,8
_getopt_initialize,gnuit-4.9.5/lib/getopt.c,23,4,4,1,3,6,8
exchange,gnuit-4.9.5/lib/getopt.c,39,5,5,3,1,6,3
il_backward_char,gnuit-4.9.5/src/inputline.c,9,2,2,1,0,5,3
il_backward_delete_char,gnuit-4.9.5/src/inputline.c,16,3,3,2,0,9,9
il_backward_kill_word,gnuit-4.9.5/src/inputline.c,17,3,3,1,2,4,6
il_backward_word,gnuit-4.9.5/src/inputline.c,14,5,4,2,0,6,4
il_beginning_of_line,gnuit-4.9.5/src/inputline.c,6,1,1,0,0,6,3
il_capitalize_word,gnuit-4.9.5/src/inputline.c,23,5,5,4,1,5,7
il_delete_char,gnuit-4.9.5/src/inputline.c,15,3,3,2,0,7,8
il_delete_horizontal_space,gnuit-4.9.5/src/inputline.h,12,5,4,2,0,6,4
il_downcase_word,gnuit-4.9.5/src/inputline.c,13,3,3,2,0,5,5
il_echo,gnuit-4.9.5/src/inputline.c,8,1,1,0,0,4,3
il_end,gnuit-4.9.5/src/inputline.c,8,1,1,0,0,4,4
il_end_of_line,gnuit-4.9.5/src/inputline.c,6,1,1,0,0,5,3
il_exchange_point_and_mark,gnuit-4.9.5/src/inputline.c,7,1,1,0,0,4,3
il_forward_char,gnuit-4.9.5/src/inputline.c,9,2,2,1,0,5,3
il_forward_word,gnuit-4.9.5/src/inputline.c,14,5,4,2,0,9,4
il_free,gnuit-4.9.5/src/inputline.c,12,5,4,1,1,6,1
il_get_contents,gnuit-4.9.5/src/inputline.c,8,1,1,0,0,8,4
il_history,gnuit-4.9.5/src/inputline.c,67,19,13,3,8,9,17
il_init,gnuit-4.9.5/src/inputline.c,23,2,4,1,0,8,20
il_insert_char,gnuit-4.9.5/src/inputline.c,17,3,3,1,1,9,10
il_insert_text,gnuit-4.9.5/src/inputline.h,20,3,3,1,1,11,12
il_is_empty,gnuit-4.9.5/src/inputline.c,5,1,1,0,0,3,1
il_just_one_space,gnuit-4.9.5/src/inputline.c,10,2,2,1,0,4,4
il_kill_line,gnuit-4.9.5/src/inputline.c,11,1,1,0,0,7,7
il_kill_region,gnuit-4.9.5/src/inputline.c,6,1,1,0,0,1,3
il_kill_ring_save,gnuit-4.9.5/src/inputline.c,6,1,1,0,0,1,3
il_kill_to_beginning_of_line,gnuit-4.9.5/src/inputline.c,11,1,3,0,0,6,6
il_kill_to_end_of_line,gnuit-4.9.5/src/inputline.c,10,1,2,0,0,4,6
il_kill_word,gnuit-4.9.5/src/inputline.c,18,3,3,1,2,4,6
il_message,gnuit-4.9.5/src/inputline.c,9,1,2,0,0,9,4
il_point,gnuit-4.9.5/src/inputline.c,5,1,1,0,0,4,1
il_reset_line,gnuit-4.9.5/src/inputline.h,12,1,1,0,0,8,10
il_resize,gnuit-4.9.5/src/inputline.c,8,1,1,0,0,6,4
il_restore,gnuit-4.9.5/src/inputline.c,12,2,2,1,1,8,3
il_save,gnuit-4.9.5/src/inputline.c,14,4,3,1,0,8,7
il_set_error_flag,gnuit-4.9.5/src/inputline.c,6,1,1,0,0,2,2
il_set_mark,gnuit-4.9.5/src/inputline.c,5,1,1,0,0,8,2
il_set_static_text,gnuit-4.9.5/src/inputline.c,19,3,3,1,2,10,14
il_upcase_word,gnuit-4.9.5/src/inputline.c,13,3,3,2,0,5,5
il_update,gnuit-4.9.5/src/inputline.c,39,16,11,1,1,18,12
il_update_point,gnuit-4.9.5/src/inputline.c,20,4,7,1,0,15,5
il_yank,gnuit-4.9.5/src/inputline.c,9,2,2,1,0,3,3
readlink,gnuit-4.9.5/lib/readlink.c,8,2,2,1,0,2,3
get_local_time,gnuit-4.9.5/src/misc.h,7,1,1,0,0,5,3
getpid,gnuit-4.9.5/src/signals.c,,,,,,,
install_handler,gnuit-4.9.5/src/signals.c,22,6,6,2,16,6,1
panic,gnuit-4.9.5/src/signals.c,7,1,1,0,0,0,2
resume,gnuit-4.9.5/src/signals.c,11,2,2,1,0,2,4
suspend,gnuit-4.9.5/src/signals.c,15,2,2,1,1,2,8
time_change,gnuit-4.9.5/src/signals.c,16,3,3,2,1,3,7
window_change,gnuit-4.9.5/src/signals.c,15,2,2,1,1,2,6
two_way_long_needle,gnuit-4.9.5/lib/str-two-way.h,87,208,30,4,15,5,6
two_way_short_needle,gnuit-4.9.5/lib/str-two-way.h,63,22,22,4,13,5,6
tolower,/usr/include/ctype.h,,,,,,,
strcasestr,gnuit-4.9.5/lib/strcasestr.c,31,8,7,1,3,3,5
getopt_long,gnuit-4.9.5/lib/getopt1.c,7,1,1,0,0,5,2
getopt_long_only,gnuit-4.9.5/lib/getopt1.c,8,1,1,0,0,5,2
internal_fnmatch,gnuit-4.9.5/lib/fnmatch_loop.c,330,1306,101,6,430,8,10
window_end,gnuit-4.9.5/src/window.c,7,2,2,1,0,5,1
build_message,gnuit-4.9.5/src/status.c,86,79,16,4,19,12,10
status,gnuit-4.9.5/src/status.c,13,2,2,1,0,12,8
status_default,gnuit-4.9.5/src/status.c,5,1,1,0,0,12,2
status_end,gnuit-4.9.5/src/status.c,5,1,1,0,0,3,1
status_init,gnuit-4.9.5/src/status.c,10,1,2,0,0,8,8
status_resize,gnuit-4.9.5/src/status.c,9,2,2,1,0,5,4
status_update,gnuit-4.9.5/src/status.c,28,3,3,1,3,11,6
configuration_help,gnuit-4.9.5/src/misc.h,,,,,,,
display_exit_message,gnuit-4.9.5/src/misc.c,9,1,1,0,0,10,3
fatal_signal,gnuit-4.9.5/src/misc.c,28,4,6,1,6,3,5
get_const_var,gnuit-4.9.5/src/misc.c,20,7,5,3,5,7,4
get_file_length,gnuit-4.9.5/src/misc.c,10,1,1,0,0,2,2
get_file_type_info,gnuit-4.9.5/src/misc.c,47,99,9,2,7,2,10
is_a_bg_command,gnuit-4.9.5/src/misc.c,14,4,4,2,6,2,2
is_an_empty_command,gnuit-4.9.5/src/misc.c,9,3,3,2,3,2,1
minimize_path,gnuit-4.9.5/src/misc.c,37,132,10,4,2,4,2
needs_quotes,gnuit-4.9.5/src/misc.c,18,3,3,2,3,3,2
truncate_long_name,gnuit-4.9.5/src/misc.c,31,6,6,2,11,5,3
truncate_string,gnuit-4.9.5/src/misc.c,10,1,2,0,0,4,4
update_path,gnuit-4.9.5/src/misc.c,14,2,2,1,1,2,6
xstrtoimax,gnuit-4.9.5/lib/xstrtol.h,,,,,,,
xstrtol,gnuit-4.9.5/lib/xstrtol.h,,,,,,,
xstrtoul,gnuit-4.9.5/lib/xstrtol.c,118,1161,35,4,106,4,9
get_fs_usage,gnuit-4.9.5/lib/fsusage.c,13,1,1,0,0,3,1
fscanf,/usr/include/stdio.h,,,,,,,
ungetc,/usr/include/stdio.h,,,,,,,
_IO_getc,/usr/include/x86_64-linux-gnu/bits/libio.h,,,,,,,
get_charset_aliases,gnuit-4.9.5/lib/localcharset.c,95,1747,17,5,17,2,14
title_update,gnuit-4.9.5/src/title.h,46,4,4,2,4,16,14
xstat,gnuit-4.9.5/src/xio.c,15,1,2,1,0,11,3
calc_info_length,gnuit-4.9.5/src/title.c,9,1,1,0,0,8,3
clean_up,gnuit-4.9.5/src/git.c,7,1,1,0,0,1,3
in_terminal_mode,gnuit-4.9.5/src/git.c,5,1,1,0,0,2,1
mail_check,gnuit-4.9.5/src/title.c,66,63,14,4,7,8,13
title_end,gnuit-4.9.5/src/title.c,5,1,1,0,0,1,1
title_init,gnuit-4.9.5/src/title.c,22,3,3,2,0,8,14
title_resize,gnuit-4.9.5/src/title.c,6,1,1,0,0,4,1
utime,gnuit-4.9.5/src/title.c,,,,,,,
tilde_expand,gnuit-4.9.5/src/tilde.c,38,9,5,2,2,6,10
tilde_expand_word,gnuit-4.9.5/src/tilde.c,71,16,12,4,4,4,11
mkdir,/usr/include/x86_64-linux-gnu/sys/stat.h,,,,,,,
fseek,/usr/include/stdio.h,,,,,,,
ftell,/usr/include/stdio.h,,,,,,,
configuration_getline,gnuit-4.9.5/src/configure.c,45,66,12,4,9,6,8
configuration_init,gnuit-4.9.5/src/configure.c,12,3,3,1,2,4,4
configuration_section,gnuit-4.9.5/src/configure.c,10,3,3,2,3,4,6
memchr,/usr/include/string.h,,,,,,,
__builtin_alloca,gnuit-4.9.5/lib/fnmatch_loop.c,,,,,,,
__builtin_expect,gnuit-4.9.5/lib/fnmatch_loop.c,,,,,,,
end_pattern,gnuit-4.9.5/lib/fnmatch_loop.c,27,29,12,4,15,3,3
ext_match,gnuit-4.9.5/lib/fnmatch_loop.c,135,471,47,4,74,10,10
rpl_mbrtowc,gnuit-4.9.5/lib/mbrtowc.c,5,1,1,0,0,4,2
__xargmatch_internal,gnuit-4.9.5/lib/argmatch.c,14,2,2,1,1,5,4
argmatch_invalid,gnuit-4.9.5/lib/argmatch.c,9,1,2,0,0,4,3
argmatch_to_argument,gnuit-4.9.5/lib/argmatch.c,11,3,3,2,3,4,2
argmatch_valid,gnuit-4.9.5/lib/argmatch.c,20,3,3,2,1,5,3
do_exit,gnuit-4.9.5/src/gitkeys.c,8,1,1,0,0,0,3
hide,gnuit-4.9.5/src/gitps.c,7,1,1,0,0,1,3
set_title,gnuit-4.9.5/src/gitps.c,10,1,2,0,0,6,6
tty_end,gnuit-4.9.5/src/tty.c,12,2,2,1,0,8,6
strnlen1,gnuit-4.9.5/lib/strnlen1.c,9,2,2,1,1,3,2
window_columns,gnuit-4.9.5/src/window.c,6,1,1,0,0,2,1
window_lines,gnuit-4.9.5/src/window.c,6,1,1,0,0,2,1
window_x,gnuit-4.9.5/src/window.c,6,1,1,0,0,3,1
window_y,gnuit-4.9.5/src/window.c,6,1,1,0,0,2,1
getgrgid,/usr/include/grp.h,,,,,,,
getgrnam,/usr/include/grp.h,,,,,,,
getpwnam,/usr/include/pwd.h,,,,,,,
getpwuid,/usr/include/pwd.h,,,,,,,
u16_strwidth,gnuit-4.9.5/lib/uniwidth.h,,,,,,,
u16_width,gnuit-4.9.5/lib/uniwidth.h,,,,,,,
u32_strwidth,gnuit-4.9.5/lib/uniwidth.h,,,,,,,
u32_width,gnuit-4.9.5/lib/uniwidth.h,,,,,,,
u8_strwidth,gnuit-4.9.5/lib/uniwidth.h,,,,,,,
u8_width,gnuit-4.9.5/lib/uniwidth.h,,,,,,,
mbuiter_multi_copy,gnuit-4.9.5/lib/mbuiter.h,10,2,2,1,1,6,6
mbuiter_multi_reloc,gnuit-4.9.5/lib/mbuiter.h,5,1,1,0,0,1,2
strncasecmp,gnuit-4.9.5/lib/strncasecmp.c,23,5,9,2,4,8,3
critical_factorization,gnuit-4.9.5/lib/str-two-way.h,73,50,14,3,7,4,4
strtoul,/usr/include/stdlib.h,,,,,,,
bkm_scale,gnuit-4.9.5/lib/xstrtol.c,16,3,3,1,2,4,2
bkm_scale_by_power,gnuit-4.9.5/lib/xstrtol.c,8,2,2,1,0,4,2
il_compute_scroll,gnuit-4.9.5/src/inputline.c,5,1,2,0,0,5,1
il_hide_static,gnuit-4.9.5/src/inputline.c,11,1,1,0,0,4,7
il_region_command,gnuit-4.9.5/src/inputline.c,38,13,6,2,2,15,13
il_restore_static,gnuit-4.9.5/src/inputline.c,10,1,1,0,0,5,6
il_separator,gnuit-4.9.5/src/inputline.c,13,2,2,1,1,3,1
fstat,/usr/include/x86_64-linux-gnu/sys/stat.h,,,,,,,
__xreadlink,gnuit-4.9.5/src/xio.c,18,2,3,1,1,4,3
getwd,gnuit-4.9.5/src/xio.c,,,,,,,
xbasename,gnuit-4.9.5/src/xio.c,11,2,3,1,0,3,4
xdirname,gnuit-4.9.5/src/xio.c,14,2,2,1,1,1,3
xgetcwd,gnuit-4.9.5/src/xio.c,19,4,3,1,1,3,7
xlstat,gnuit-4.9.5/src/xio.c,15,1,2,1,0,3,3
xreadlink,gnuit-4.9.5/src/xio.c,18,3,3,2,2,2,4
vfprintf,/usr/include/stdio.h,,,,,,,
strerror,/usr/include/string.h,,,,,,,
_IO_putc,/usr/include/x86_64-linux-gnu/bits/libio.h,,,,,,,
__builtin_va_end,gnuit-4.9.5/lib/error.c,,,,,,,
__builtin_va_start,gnuit-4.9.5/lib/error.c,,,,,,,
error_at_line,gnuit-4.9.5/lib/error.c,28,5,5,2,3,10,6
error_tail,gnuit-4.9.5/lib/error.c,13,4,3,1,1,7,7
print_errno_message,gnuit-4.9.5/lib/error.c,9,2,2,1,0,3,2
panel_action,gnuit-4.9.5/src/panel.h,471,192,124,7,781,38,58
panel_activate,gnuit-4.9.5/src/panel.c,6,1,1,0,0,1,2
panel_center_current_entry,gnuit-4.9.5/src/panel.c,6,1,1,0,0,3,3
panel_deactivate,gnuit-4.9.5/src/panel.c,6,1,1,0,0,1,2
panel_end,gnuit-4.9.5/src/panel.c,18,3,3,2,0,7,5
panel_get_current_file_gid,gnuit-4.9.5/src/panel.c,6,1,1,0,0,5,1
panel_get_current_file_mode,gnuit-4.9.5/src/panel.c,6,1,1,0,0,5,1
panel_get_current_file_name,gnuit-4.9.5/src/panel.c,6,1,1,0,0,6,1
panel_get_current_file_type,gnuit-4.9.5/src/panel.c,6,1,1,0,0,5,1
panel_get_current_file_uid,gnuit-4.9.5/src/panel.c,6,1,1,0,0,5,1
panel_get_next,gnuit-4.9.5/src/panel.c,23,6,7,3,7,14,3
panel_get_path,gnuit-4.9.5/src/panel.c,6,1,1,0,0,5,1
panel_init,gnuit-4.9.5/src/panel.c,63,8,5,1,1,12,47
panel_init_iterator,gnuit-4.9.5/src/panel.c,7,1,1,0,0,8,3
panel_no_optimizations,gnuit-4.9.5/src/panel.c,6,1,1,0,0,3,2
panel_resize,gnuit-4.9.5/src/panel.c,19,2,2,1,1,12,12
panel_select_all,gnuit-4.9.5/src/panel.c,13,3,3,2,0,7,4
panel_set_focus,gnuit-4.9.5/src/panel.c,14,3,3,2,0,6,6
panel_set_wrapped_isearch_flag,gnuit-4.9.5/src/panel.c,7,1,1,0,0,2,2
panel_unselect_all,gnuit-4.9.5/src/panel.c,9,2,2,1,0,6,4
panel_update,gnuit-4.9.5/src/panel.c,11,2,2,1,2,15,6
panel_window,gnuit-4.9.5/src/panel.c,6,1,1,0,0,3,1
verify_function__,gnuit-4.9.5/lib/mbsinit.c,,,,,,,
full_read,gnuit-4.9.5/lib/full-write.c,21,5,4,2,4,3,3
safe_read,gnuit-4.9.5/lib/safe-read.h,,,,,,,
localtime,/usr/include/time.h,,,,,,,
configuration_fatal_error,gnuit-4.9.5/src/misc.c,8,1,1,0,0,5,1
configuration_warning,gnuit-4.9.5/src/misc.c,29,1,1,0,0,4,1
geteuid,gnuit-4.9.5/src/misc.c,,,,,,,
orig_open,gnuit-4.9.5/lib/open.c,5,1,1,0,0,4,2
__strtoll_internal,gnuit-4.9.5/lib/strtol.c,98,24001,33,2,23,4,5
strtoll,gnuit-4.9.5/lib/strtol.c,6,1,1,0,0,3,2
xstack_init,gnuit-4.9.5/src/xstack.c,8,1,1,0,0,4,3
xstack_preview,gnuit-4.9.5/src/xstack.c,13,2,2,1,1,9,2
xstack_push,gnuit-4.9.5/src/xstack.c,10,1,1,0,0,7,5
add_to_environment,gnuit-4.9.5/src/git.c,15,3,3,2,1,4,2
command_expand,gnuit-4.9.5/src/git.c,240,1240,58,5,558,14,26
dir_history_add,gnuit-4.9.5/src/git.c,9,1,1,0,0,5,5
dir_history_next,gnuit-4.9.5/src/git.c,11,2,2,1,1,6,3
dir_history_prev,gnuit-4.9.5/src/git.c,11,2,2,1,1,5,3
dir_history_reset,gnuit-4.9.5/src/git.c,14,3,3,2,0,3,4
clock_refresh,gnuit-4.9.5/src/title.c,33,10,7,1,2,9,15
getuid,gnuit-4.9.5/src/git.c,,,,,,,
file_length,gnuit-4.9.5/src/gitwipe.c,10,1,1,0,0,2,2
il_build_help_from_string,gnuit-4.9.5/src/git.c,20,2,2,1,0,2,3
il_dispatch_commands,gnuit-4.9.5/src/git.c,101,40,40,2,302,5,26
il_fix_text,gnuit-4.9.5/src/git.c,25,5,5,2,3,2,6
il_history_add_entry,gnuit-4.9.5/src/git.c,12,2,2,1,1,3,4
il_history_view_entry,gnuit-4.9.5/src/git.c,9,1,2,0,0,3,2
il_isearch,gnuit-4.9.5/src/git.c,92,25,16,3,16,10,17
il_read_line,gnuit-4.9.5/src/git.c,105,1752,23,4,38,14,16
fatal,gnuit-4.9.5/src/gitps.c,8,1,1,0,0,3,3
panels_can_be_displayed,gnuit-4.9.5/src/git.c,16,5,5,3,7,5,1
main,gnuit-4.9.5/src/gitwhich.c,12,3,3,2,3,2,4
read_keys,gnuit-4.9.5/src/git.c,90,8193,21,4,18,9,24
remove_log,gnuit-4.9.5/src/gitps.c,8,4,3,1,0,5,1
reread,gnuit-4.9.5/src/git.c,6,1,1,0,0,3,1
report_undefined_key,gnuit-4.9.5/src/git.c,26,4,3,1,2,2,12
set_prompt,gnuit-4.9.5/src/git.c,8,1,1,0,0,3,5
strdup,gnuit-4.9.5/src/git.c,,,,,,,
resize,gnuit-4.9.5/src/gitps.c,35,27,13,2,5,14,8
ftruncate,/usr/include/unistd.h,,,,,,,
rpl_utime,gnuit-4.9.5/lib/utime.c,7,2,2,1,1,2,3
utime_null,gnuit-4.9.5/lib/utime.c,28,10,5,2,0,3,9
xstack_end,gnuit-4.9.5/src/xstack.c,10,3,3,1,1,3,1
xstack_point,gnuit-4.9.5/src/xstack.c,6,1,1,0,0,2,1
xstack_pop,gnuit-4.9.5/src/xstack.c,13,2,2,1,1,6,5
xstack_truncate,gnuit-4.9.5/src/xstack.c,8,1,1,0,0,5,4
_unsetenv,gnuit-4.9.5/lib/putenv.c,26,4,5,3,2,3,5
putenv,gnuit-4.9.5/lib/putenv.c,35,10,6,2,6,2,8
strcasecmp,gnuit-4.9.5/lib/strcasecmp.c,23,5,9,2,4,3,3
tty_set_optimization_level,gnuit-4.9.5/src/tty.h,,,,,,,
creat,/usr/include/fcntl.h,,,,,,,
access,/usr/include/unistd.h,,,,,,,
chdir,/usr/include/unistd.h,,,,,,,
chown,/usr/include/unistd.h,,,,,,,
getgid,/usr/include/unistd.h,,,,,,,
link,/usr/include/unistd.h,,,,,,,
rmdir,/usr/include/unistd.h,,,,,,,
canceled,gnuit-4.9.5/src/panel.c,19,2,3,1,1,6,8
closedir,gnuit-4.9.5/src/panel.c,,,,,,,
cutname,gnuit-4.9.5/src/panel.c,15,2,3,1,1,5,5
opendir,gnuit-4.9.5/src/panel.c,,,,,,,
pack_compare_fn,gnuit-4.9.5/src/panel.c,8,1,1,0,0,3,1
panel_2s_message,gnuit-4.9.5/src/panel.c,14,1,1,0,0,10,6
panel_3s_message,gnuit-4.9.5/src/panel.c,15,1,1,0,0,9,6
panel_act_BIN_PACKING,gnuit-4.9.5/src/panel.c,101,5904,20,4,6,13,13
panel_act_CASE,gnuit-4.9.5/src/panel.c,40,20,7,3,7,9,15
panel_act_CHDIR,gnuit-4.9.5/src/panel.c,30,5,4,1,3,6,13
panel_act_CMPDIR,gnuit-4.9.5/src/panel.c,80,37,13,7,26,13,16
panel_act_COMPARE,gnuit-4.9.5/src/panel.c,97,29,14,4,19,11,10
panel_act_COPY,gnuit-4.9.5/src/panel.c,111,174,18,4,25,13,29
panel_act_DELETE,gnuit-4.9.5/src/panel.c,115,25238,26,6,29,12,28
panel_act_ENTER,gnuit-4.9.5/src/panel.c,69,33,11,3,20,11,24
panel_act_MKDIR,gnuit-4.9.5/src/panel.c,55,9,7,2,5,8,20
panel_act_MOVE,gnuit-4.9.5/src/panel.c,120,936,22,4,30,15,29
panel_act_REGET,gnuit-4.9.5/src/panel.c,27,12,5,2,3,7,6
panel_beautify_info_number,gnuit-4.9.5/src/panel.c,30,2,5,1,1,6,5
panel_beautify_number,gnuit-4.9.5/src/panel.c,9,1,1,0,0,6,2
panel_build_entry_field,gnuit-4.9.5/src/panel.c,55,11,12,2,29,13,8
panel_case_rename,gnuit-4.9.5/src/panel.c,100,472,21,4,56,9,25
panel_compare,gnuit-4.9.5/src/panel.c,143,5488,27,4,26,11,15
panel_copy,gnuit-4.9.5/src/panel.c,198,1254,36,5,43,11,30
panel_deallocate_patterns,gnuit-4.9.5/src/panel.c,9,2,2,1,0,2,1
panel_find_index,gnuit-4.9.5/src/panel.c,37,1296,16,2,11,9,9
panel_fit_number,gnuit-4.9.5/src/panel.c,18,2,3,1,0,8,5
panel_get_centered_fos,gnuit-4.9.5/src/panel.c,11,2,4,1,1,7,1
panel_get_fos,gnuit-4.9.5/src/panel.c,11,3,3,1,3,6,3
panel_get_reserved_characters,gnuit-4.9.5/src/panel.c,11,2,2,1,1,6,1
panel_isdir,gnuit-4.9.5/src/panel.c,9,2,2,1,1,3,2
panel_isearch_backward,gnuit-4.9.5/src/panel.c,17,3,3,2,3,7,2
panel_isearch_forward,gnuit-4.9.5/src/panel.c,15,3,3,2,3,8,2
panel_load_fti,gnuit-4.9.5/src/panel.c,36,8,8,3,1,9,7
panel_load_inode,gnuit-4.9.5/src/panel.c,99,64,19,5,9,20,22
panel_mkdirs,gnuit-4.9.5/src/panel.c,22,5,5,4,5,3,5
panel_mode2string,gnuit-4.9.5/src/panel.c,43,192,16,2,7,8,2
panel_move,gnuit-4.9.5/src/panel.c,140,263,27,4,47,12,24
panel_parse_patterns,gnuit-4.9.5/src/panel.c,47,10,11,4,9,2,7
panel_percent,gnuit-4.9.5/src/panel.c,9,2,3,1,1,4,1
panel_read_directory,gnuit-4.9.5/src/panel.c,199,6408,25,4,11,21,34
panel_recover,gnuit-4.9.5/src/panel.c,15,2,2,1,0,9,9
panel_set_current_entry,gnuit-4.9.5/src/panel.c,10,3,3,1,4,11,5
panel_unlink,gnuit-4.9.5/src/panel.c,8,2,2,1,0,3,2
panel_update_entries,gnuit-4.9.5/src/panel.c,25,6,6,1,3,14,10
panel_update_entry,gnuit-4.9.5/src/panel.c,133,37634,38,3,31,27,15
panel_update_frame,gnuit-4.9.5/src/panel.c,29,5,4,1,1,7,9
panel_update_info,gnuit-4.9.5/src/panel.c,87,128,15,3,9,20,21
panel_update_path,gnuit-4.9.5/src/panel.c,20,3,3,1,2,8,8
panel_update_size,gnuit-4.9.5/src/panel.c,39,4,6,2,2,15,13
panel_warning,gnuit-4.9.5/src/panel.c,31,12,7,2,12,6,4
readdir,gnuit-4.9.5/src/panel.c,,,,,,,
same_file,gnuit-4.9.5/src/panel.c,14,2,2,1,1,6,2
sort_compare_fn,gnuit-4.9.5/src/panel.c,63,21,24,3,146,12,4
xchg,gnuit-4.9.5/src/panel.c,8,1,1,0,0,3,2
clock_refresh,gnuit-4.9.5/src/gitps.c,4,1,1,0,0,0,0
find,gnuit-4.9.5/src/gitwhich.c,29,5,4,2,0,3,6
__argmatch_die,gnuit-4.9.5/lib/argmatch.c,5,1,1,0,0,2,1
select,/usr/include/x86_64-linux-gnu/sys/select.h,,,,,,,
my_usleep,gnuit-4.9.5/lib/nanosleep.c,19,3,3,2,1,6,3
rpl_nanosleep,gnuit-4.9.5/lib/nanosleep.c,27,6,4,2,0,3,10
sighandler,gnuit-4.9.5/lib/nanosleep.c,5,1,1,0,0,1,1
char_to_print,gnuit-4.9.5/src/gitview.c,10,2,3,1,1,4,2
clean_up,gnuit-4.9.5/src/gitps.c,7,1,1,0,0,1,3
cursor_update,gnuit-4.9.5/src/gitview.c,8,2,2,1,1,7,2
fatal,gnuit-4.9.5/src/gitwhich.c,7,1,1,0,0,0,1
fatal,gnuit-4.9.5/src/git.c,9,2,2,1,0,4,4
main,gnuit-4.9.5/src/git.c,1156,999999999,214,9,2072,54,143
read_keys,gnuit-4.9.5/src/gitps.c,46,145,11,4,13,5,8
refresh,gnuit-4.9.5/src/gitps.c,25,8,5,1,0,6,12
report_undefined_key,gnuit-4.9.5/src/gitps.c,26,2,3,1,1,4,16
resize,gnuit-4.9.5/src/git.c,53,33,11,3,5,8,8
set_header,gnuit-4.9.5/src/gitps.c,10,1,2,0,0,6,6
set_status,gnuit-4.9.5/src/gitps.c,20,4,5,1,2,11,7
tty_init,gnuit-4.9.5/src/tty.c,24,3,3,1,2,7,15
update_line,gnuit-4.9.5/src/gitview.c,41,6,5,1,2,5,9
main,gnuit-4.9.5/src/gitkeys.c,21,3,3,2,2,1,7
endpwent,/usr/include/pwd.h,,,,,,,
tilde_find_prefix,gnuit-4.9.5/src/tilde.c,27,6,6,4,7,4,4
tilde_find_suffix,gnuit-4.9.5/src/tilde.c,19,7,5,3,8,3,3
main,gnuit-4.9.5/src/gitwipe.c,14,4,3,1,0,2,6
main,gnuit-4.9.5/src/gitps.c,347,452176,100,5,1520,32,78
usage,gnuit-4.9.5/src/gitwipe.c,6,1,1,0,0,3,2
usage,gnuit-4.9.5/src/gitps.c,11,1,1,0,0,2,1
xalloc_die,gnuit-4.9.5/src/xmalloc.c,6,1,1,0,0,0,2
xalloc_die,gnuit-4.9.5/lib/xalloc-die.c,6,1,1,0,0,6,2
